{
  "train_loss": [
    0.8242646091171184,
    0.7001557274677336,
    0.6700450396989737,
    0.6561433584493935,
    0.6292734293353401,
    0.6426135263150387,
    0.6336215706758721,
    0.6206312684638207,
    0.599857680704856,
    0.585604239190396,
    0.5674014938560249,
    0.5486858066739994,
    0.5319667996571869,
    0.5079401563055841,
    0.5109475381630157,
    0.4796665647147758,
    0.4781514466542715,
    0.47225701177588475,
    0.46273454334765224,
    0.451010640114342,
    0.44309083320956133,
    0.45797106892144235,
    0.44921423230106905,
    0.4590181078975127,
    0.43729181645646653,
    0.43789677809103406,
    0.4290024151857043,
    0.4278662884540569,
    0.4203865926480512,
    0.4034977238789093,
    0.40746849347819614,
    0.39068541975023224,
    0.39611997412405187,
    0.39756807517744447,
    0.3874985819942019,
    0.39223074414475206,
    0.3848916721549005,
    0.3945474820326193,
    0.38738130521373587,
    0.385247362296004,
    0.39592238182618045,
    0.3925308341599778,
    0.386234768764428,
    0.37951634473951623,
    0.3696661329092354,
    0.37981766556677743,
    0.38707200982781714,
    0.383209942326966,
    0.3691443386827103,
    0.36714495348935017
  ],
  "train_acc": [
    0.5654667721518988,
    0.6580300632911392,
    0.6894778481012658,
    0.7049050632911392,
    0.7300237341772152,
    0.7130142405063291,
    0.7213212025316456,
    0.743868670886076,
    0.7545490506329114,
    0.7614715189873418,
    0.7794699367088608,
    0.788370253164557,
    0.7982594936708861,
    0.8206091772151899,
    0.8121044303797469,
    0.8364319620253164,
    0.8346518987341772,
    0.8397943037974683,
    0.854628164556962,
    0.8635284810126582,
    0.8657041139240507,
    0.8486946202531646,
    0.865506329113924,
    0.8577927215189873,
    0.8696598101265823,
    0.861748417721519,
    0.8742088607594937,
    0.8771756329113924,
    0.8837025316455697,
    0.8975474683544303,
    0.8912183544303798,
    0.9121835443037974,
    0.8983386075949367,
    0.9020965189873418,
    0.9076344936708861,
    0.9064477848101266,
    0.9106012658227848,
    0.9076344936708861,
    0.9096123417721519,
    0.9100079113924051,
    0.9007120253164557,
    0.9046677215189873,
    0.9052610759493671,
    0.9102056962025317,
    0.9210838607594937,
    0.9151503164556962,
    0.9088212025316456,
    0.9161392405063291,
    0.9276107594936709,
    0.9262262658227848
  ],
  "val_loss": [
    0.9378063589334488,
    0.8735923960804939,
    0.8463984191417694,
    0.8314538866281509,
    0.825769093632698,
    0.8702490165829658,
    0.7912361219525337,
    0.8062117919325829,
    0.7808165028691292,
    0.7860714644193649,
    0.7672089651226998,
    0.7333805829286575,
    0.7175420463085175,
    0.6923979297280312,
    0.6936684414744377,
    0.6758905664086342,
    0.6761642783880234,
    0.6459102928638458,
    0.6525033205747605,
    0.6538890331983567,
    0.6464302137494087,
    0.6646251976490021,
    0.6609644174575806,
    0.6369813665747642,
    0.6453509017825126,
    0.6327291190624237,
    0.6394173577427864,
    0.6397653728723526,
    0.6229967713356018,
    0.6108786061406135,
    0.6088714748620987,
    0.5994141399860382,
    0.6033007994294166,
    0.604779414832592,
    0.6134357780218125,
    0.6022605076432228,
    0.5975738853216171,
    0.5975012242794037,
    0.6006404057145118,
    0.6016919359564781,
    0.5984825693070889,
    0.5965774938464165,
    0.5907388955354691,
    0.5924132391810417,
    0.5878589123487472,
    0.604903519153595,
    0.5822922676801682,
    0.6005156733095646,
    0.58504334166646,
    0.5782801188528538
  ],
  "val_acc": [
    0.63046875,
    0.690625,
    0.721875,
    0.73046875,
    0.740625,
    0.7015625,
    0.77265625,
    0.7625,
    0.7796875,
    0.78515625,
    0.79375,
    0.8140625,
    0.82734375,
    0.859375,
    0.8453125,
    0.859375,
    0.8609375,
    0.88125,
    0.87890625,
    0.8765625,
    0.88046875,
    0.86953125,
    0.8703125,
    0.884375,
    0.88046875,
    0.88828125,
    0.88125,
    0.88046875,
    0.89140625,
    0.903125,
    0.9046875,
    0.9171875,
    0.90625,
    0.90390625,
    0.89921875,
    0.9046875,
    0.91328125,
    0.91171875,
    0.90546875,
    0.90546875,
    0.9078125,
    0.91171875,
    0.92109375,
    0.91640625,
    0.9203125,
    0.89921875,
    0.9234375,
    0.91015625,
    0.91796875,
    0.92265625
  ],
  "val_f1": [
    0.6297347486263235,
    0.6835377750978774,
    0.7191037838212418,
    0.7271809724309054,
    0.7386686723380272,
    0.7028794465344005,
    0.765599128277325,
    0.7578037458717778,
    0.7744392141917681,
    0.7803008486026769,
    0.7879511026150116,
    0.8076969948760558,
    0.8210907096085323,
    0.8538080390742734,
    0.8411055995518182,
    0.8544954510488004,
    0.8574836902851418,
    0.8761774895502684,
    0.8742510358603096,
    0.8723010997070091,
    0.8755593667411854,
    0.866172543810611,
    0.8670039741019409,
    0.8805347773336257,
    0.8775939501521459,
    0.8854815625028789,
    0.8783121468080718,
    0.8777309630029091,
    0.8885428091176312,
    0.9002923848901312,
    0.9022776221199623,
    0.913808720446785,
    0.9036614483132973,
    0.9013196869126819,
    0.8965871350561515,
    0.9011079848770714,
    0.9103477143129178,
    0.9087477685581778,
    0.9027416033221516,
    0.9030162637284969,
    0.905206542964379,
    0.9091500208436679,
    0.9184502967904487,
    0.9137939301910897,
    0.9175765427707714,
    0.8972452926141213,
    0.9208854563966367,
    0.9077131643866551,
    0.9151165723944508,
    0.9204397302013846
  ],
  "val_auc": [
    0.8849992995094359,
    0.905416258692405,
    0.9270502282433362,
    0.9312256347675204,
    0.9358350998577804,
    0.9236636872731244,
    0.9364140846386121,
    0.9391771177943031,
    0.9445645841658936,
    0.9472152692190042,
    0.9504485878832858,
    0.9567031271918959,
    0.9615460427790502,
    0.966080109201441,
    0.9683483881076587,
    0.9714852611725947,
    0.9718561675294085,
    0.9748842759858797,
    0.9761093902247823,
    0.9757435964835054,
    0.9760488793840792,
    0.9756949791691754,
    0.9764574533819786,
    0.9782796912332135,
    0.9787652993122237,
    0.9797347904819733,
    0.9795608693618875,
    0.9795396665902404,
    0.9819738991230359,
    0.9832367167478577,
    0.9835589573699943,
    0.9836333436751197,
    0.9840467834820076,
    0.9849232718206142,
    0.9839080233591054,
    0.9845726036453814,
    0.9847789290395154,
    0.98502525112802,
    0.9857849853095781,
    0.9855013033937818,
    0.9856036507485703,
    0.985641912036204,
    0.9857077165050047,
    0.9856165679397039,
    0.9858807606987633,
    0.9847055996196814,
    0.9873417116479706,
    0.9854183754839788,
    0.9872713913229143,
    0.98759114299328
  ],
  "phase": [
    1,
    1,
    1,
    1,
    1,
    1,
    1,
    1,
    1,
    1,
    2,
    2,
    2,
    2,
    2,
    2,
    2,
    2,
    2,
    2,
    2,
    2,
    2,
    2,
    2,
    2,
    2,
    2,
    2,
    2,
    2,
    2,
    2,
    2,
    2,
    2,
    2,
    2,
    2,
    2,
    2,
    2,
    2,
    2,
    2,
    2,
    2,
    2,
    2,
    2
  ],